metric_date,daily_revenue,total_orders,cancelled_orders,failed_payments,successful_payments,day_of_week,day_of_month,month,quarter,week_of_year,is_weekend,is_month_start,is_month_end,is_quarter_start,is_quarter_end,days_since_start,total_payments,failure_rate,success_rate,revenue_per_payment,revenue_per_success,payment_fail_success_ratio,revenue_7d_mean,revenue_7d_std,revenue_7d_min,revenue_7d_max,payments_7d_mean,failure_rate_7d_mean,revenue_7d_zscore,revenue_14d_mean,revenue_14d_std,revenue_14d_min,revenue_14d_max,payments_14d_mean,failure_rate_14d_mean,revenue_14d_zscore,revenue_30d_mean,revenue_30d_std,revenue_30d_min,revenue_30d_max,payments_30d_mean,failure_rate_30d_mean,revenue_30d_zscore,revenue_lag_1d,total_payments_lag_1d,failure_rate_lag_1d,revenue_lag_7d,total_payments_lag_7d,failure_rate_lag_7d,revenue_lag_14d,total_payments_lag_14d,failure_rate_lag_14d,revenue_ewm_7d,failure_rate_ewm_7d,revenue_ewm_14d,failure_rate_ewm_14d,revenue_pct_change,revenue_pct_change_7d,failure_rate_change,revenue_diff,revenue_diff_7d,revenue_acceleration,revenue_momentum,revenue_volatility_7d,revenue_volatility_14d,revenue_distance_from_mean_7d,revenue_distance_from_mean_14d,revenue_distance_from_mean_30d,revenue_cv_7d,revenue_cv_14d,revenue_skew_14d,revenue_kurt_14d,day_of_week_sin,day_of_week_cos,day_of_month_sin,day_of_month_cos,month_sin,month_cos,weekend_revenue_interaction,failure_revenue_interaction,month_end_revenue_interaction,payments_success_interaction,daily_revenue_zscore,daily_revenue_zscore_severity,daily_revenue_zscore_flag,daily_revenue_rolling_zscore,daily_revenue_rolling_flag,daily_revenue_iqr_lower,daily_revenue_iqr_upper,daily_revenue_iqr_flag,daily_revenue_mad_score,daily_revenue_mad_flag,daily_revenue_percentile_flag,daily_revenue_ensemble_score,daily_revenue_is_anomaly,daily_revenue_confidence,daily_revenue_severity,baseline_anomaly,ml_anomaly_flag,ml_anomaly_score
2025-12-14,3150.0,3,0,3,4,6,14,12,4,50,1,0,0,0,0,125,7,0.42857142857142855,0.5714285714285714,450.0,787.5,0.6,4165.714285714285,1551.6534959289584,2070.0,6480.0,7.857142857142857,0.1862244897959184,-0.6546012291872175,4699.285714285715,2725.99301394701,450.0,9360.0,8.214285714285714,0.13698979591836732,-0.5683381088481937,4488.0,2629.8543292554136,450.0,10440.0,8.1,0.13775132275132274,-0.5087734271478596,5220.0,8.0,0.125,1170.0,4.0,0.0,3420.0,6.0,0.16666666666666666,4168.7151095093095,0.18048968578874208,4445.068948702837,0.1476260368345203,-0.39655172413793105,1.6923076923076925,2.4285714285714284,-2070.0,1980.0,-1.1541274817136886,0.5483756373561471,1.2706100302890173,4.564621203894016,-0.6546012291872175,-0.5683381088481937,-0.5087734271478596,0.3724819777598298,0.5800866726733078,0.18208794426059077,-0.9176598728041055,-0.7818314824680299,0.6234898018587334,0.29936312297335804,-0.9541392564000488,-2.4492935982947064e-16,1.0,3150.0,1350.0,0.0,4.0,-0.614218546671327,0,False,-0.6546012291914363,False,-3410.999999999999,12838.5,False,-0.4441829268292683,False,False,0,False,0.0,0,0,0,-0.07030785324616917
2025-12-15,4140.0,8,0,1,9,0,15,12,4,51,0,0,0,0,0,126,10,0.1,0.9,414.0,460.0,0.1,4178.571428571428,1550.9075683980245,2070.0,6480.0,8.0,0.20051020408163267,-0.024870230410327574,4962.857142857143,2447.719279314861,1170.0,9360.0,8.571428571428571,0.11556122448979592,-0.33617300390921734,4527.0,2615.201119713686,450.0,10440.0,8.233333333333333,0.13552910052910053,-0.14798097059582524,3150.0,7.0,0.42857142857142855,4050.0,9.0,0.0,450.0,5.0,0.4,4161.536332131982,0.16036726434155654,4404.393088875791,0.1412758985899176,0.3142857142857143,0.022222222222222143,-0.7666666666666666,990.0,90.0,0.7108374384236453,0.241625244891469,0.9506694633901926,4.531517860990081,-0.024870230410327574,-0.33617300390921734,-0.14798097059582524,0.3711573667952202,0.4932076843744819,0.3415314478902926,-0.7666558629793537,0.0,1.0,0.10116832198743272,-0.994869323391895,-2.4492935982947064e-16,1.0,0.0,414.0,0.0,9.0,-0.2863261976798935,0,False,-0.024870230410487932,False,-3410.999999999999,12838.5,False,-0.0822560975609756,False,False,0,False,0.0,0,0,0,-0.09393498957366181
2025-12-16,6120.0,6,0,3,7,1,16,12,4,51,0,0,0,0,0,127,10,0.3,0.7,612.0,874.2857142857143,0.375,4757.142857142857,1379.1146228131772,2970.0,6480.0,8.857142857142858,0.1362244897959184,0.9882116542766014,4827.857142857143,2315.2676488290244,1170.0,9360.0,8.285714285714286,0.12168367346938777,0.5580965370421832,4695.0,2547.1292156817062,450.0,10440.0,8.433333333333334,0.1455291005291005,0.5594533607565813,4140.0,10.0,0.1,2070.0,4.0,0.75,8010.0,14.0,0.21428571428571427,4651.152249098986,0.19527544825616738,4633.140677025685,0.1624391121112619,0.4782608695652173,1.9565217391304346,1.9999999999999996,1980.0,4050.0,0.16397515527950302,0.37978949609919843,0.8954844655980825,0.971358952137714,0.9882116542766014,0.5580965370421832,0.5594533607565813,0.28990397476492336,0.4795642415081995,0.4145092527394799,-0.2606420567653784,0.7818314824680298,0.6234898018587336,-0.10116832198743204,-0.9948693233918952,-2.4492935982947064e-16,1.0,0.0,1836.0,0.0,7.0,0.3694585003029735,0,False,0.9882116542837669,False,-3410.999999999999,12838.5,False,0.6415975609756097,False,False,0,False,0.0,0,0,0,-0.07139389090652759
2025-12-17,9270.0,7,0,3,12,2,17,12,4,51,0,0,0,0,0,128,15,0.2,0.8,618.0,772.5,0.23076923076923078,5155.714285714285,2148.54103321965,2970.0,9270.0,9.285714285714286,0.16479591836734694,1.9149207069604768,4821.428571428572,2301.8014922860098,1170.0,9270.0,8.642857142857142,0.13596938775510206,1.9326477298153328,4788.0,2662.854833082149,450.0,10440.0,8.6,0.14219576719576718,1.6831559664089653,6120.0,10.0,0.3,6480.0,12.0,0.0,9360.0,10.0,0.0,5805.864186824239,0.19645658619212553,5251.388586755595,0.167447230496427,0.5147058823529411,0.4305555555555556,-0.33333333333333326,3150.0,2790.0,0.03644501278772383,0.1489710817769478,0.4816392318833471,0.9734141787273263,1.9149207069604768,1.9326477298153328,1.6831559664089653,0.41673004246351847,0.4774106798805526,0.39159650847955507,-0.31203418795289584,0.9749279121818236,-0.22252093395631434,-0.2993631229733582,-0.9541392564000488,-2.4492935982947064e-16,1.0,0.0,1854.0,0.0,12.0,1.4127523380029892,0,False,1.9149207069693892,False,-3410.999999999999,12838.5,False,1.7931829268292683,False,False,0,False,0.0,0,0,0,-0.05836747158515704
2025-12-18,5220.0,5,0,3,6,3,18,12,4,51,0,0,0,0,0,129,9,0.3333333333333333,0.6666666666666666,580.0,870.0,0.42857142857142855,5155.714285714285,2148.54103321965,2970.0,9270.0,9.428571428571429,0.21241496598639456,0.029920636046257627,4757.142857142857,2275.1582483302227,1170.0,9270.0,8.642857142857142,0.15977891156462584,0.20343953797271352,4893.0,2613.6342118023026,450.0,10440.0,8.7,0.14775132275132272,0.12511314648473978,9270.0,15.0,0.2,5220.0,8.0,0.0,6120.0,9.0,0.0,5659.398140118179,0.23067577297742747,5247.203441854849,0.18956537754134783,-0.4368932038834952,0.0,0.6666666666666665,-4050.0,0.0,-0.9515990862364363,0.11433554471422626,0.5178100508719755,0.9781868191246414,0.029920636046257627,0.20343953797271352,0.12511314648473978,0.41673004246351847,0.47826149364198445,0.4882341346178976,-0.0890551623613872,0.43388373911755823,-0.900968867902419,-0.4853019625310808,-0.8743466161445822,-2.4492935982947064e-16,1.0,0.0,1740.0,0.0,6.0,0.0713745466743976,0,False,0.029920636046396887,False,-3410.999999999999,12838.5,False,0.3125731707317073,False,False,0,False,0.0,0,0,0,-0.07836699160034016
2025-12-19,5220.0,8,2,1,9,4,19,12,4,51,0,0,0,0,0,130,10,0.1,0.9,522.0,580.0,0.1,5477.142857142857,1923.5792530741057,3150.0,9270.0,9.857142857142858,0.22670068027210885,-0.13367936711241588,4538.571428571428,2046.1478145825317,1170.0,9270.0,8.428571428571429,0.16692176870748301,0.33302998276508716,4941.0,2605.6997868730655,450.0,10440.0,8.8,0.13679894179894178,0.1070729642011981,5220.0,9.0,0.3333333333333333,2970.0,7.0,0.0,8280.0,13.0,0.0,5549.548605088634,0.1980068297330706,5243.576316274203,0.17762332720250146,0.0,0.7575757575757576,-0.7,0.0,2250.0,0.4368932038834952,0.1759118993940292,0.4650924837122938,0.9804982122029589,-0.13367936711241588,0.33302998276508716,0.1070729642011981,0.3512012199137756,0.4508352125289948,0.5896308383732554,1.053655051954386,-0.433883739117558,-0.9009688679024191,-0.651372482722222,-0.7587581226927911,-2.4492935982947064e-16,1.0,0.0,522.0,0.0,9.0,0.0713745466743976,0,False,-0.13367936711311082,False,-3410.999999999999,12838.5,False,0.3125731707317073,False,False,0,False,0.0,0,0,0,-0.07749526108419857
2025-12-20,2700.0,4,0,1,3,5,20,12,4,51,1,0,0,0,0,131,4,0.25,0.75,675.0,900.0,0.25,5117.142857142857,2196.2142752603017,2700.0,9270.0,9.285714285714286,0.24455782312925173,-1.1005951852513864,4500.0,2077.361492189253,1170.0,9270.0,8.357142857142858,0.18477891156462586,-0.866483761617427,4992.0,2543.57934062788,450.0,10440.0,8.7,0.14513227513227514,-0.9010923950283428,5220.0,10.0,0.1,5220.0,8.0,0.125,3240.0,5.0,0.0,4837.161453816476,0.21100512229980295,4904.432807437643,0.18727355024216794,-0.48275862068965514,-0.48275862068965514,1.5,-2520.0,-2520.0,-0.48275862068965514,-0.001278726072458317,0.44226773495136135,0.9725871982871254,-1.1005951852513864,-0.866483761617427,-0.9010923950283428,0.4291876026463448,0.4616358871521415,0.5881480595055519,0.8787213010964797,-0.9749279121818236,-0.2225209339563146,-0.7907757369376986,-0.6121059825476627,-2.4492935982947064e-16,1.0,2700.0,675.0,0.0,3.0,-0.7632605234856149,0,False,-1.1005951852563975,False,-3410.999999999999,12838.5,False,-0.6086951219512196,False,False,0,False,0.0,0,0,0,-0.05788699628267763
2025-12-21,2430.0,5,0,0,7,6,21,12,4,51,1,0,0,0,0,132,7,0.0,1.0,347.14285714285717,347.14285714285717,0.0,5014.285714285715,2317.224324796493,2430.0,9270.0,9.285714285714286,0.18333333333333335,-1.1152505549938605,4590.0,1945.0766249490193,2070.0,9270.0,8.571428571428571,0.18477891156462586,-1.1104960968031319,4950.0,2576.0153672705037,450.0,10440.0,8.633333333333333,0.14142857142857143,-0.9782550337268994,2700.0,4.0,0.25,3150.0,7.0,0.42857142857142855,1170.0,4.0,0.0,4235.371090362357,0.1582538417248522,4574.508433112624,0.16230374354321223,-0.09999999999999998,-0.22857142857142854,-1.0,-270.0,-720.0,0.38275862068965516,0.041085805947246125,0.41120683526004986,0.9446996212998074,-1.1152505549938605,-1.1104960968031319,-0.9782550337268994,0.46212450921775217,0.4237639705762052,0.8965780684984413,1.1586078745081783,-0.7818314824680299,0.6234898018587334,-0.8978045395707417,-0.44039415155763423,-2.4492935982947064e-16,1.0,2430.0,0.0,0.0,7.0,-0.8526857095741878,0,False,-1.1152505549986733,False,-3410.999999999999,12838.5,False,-0.7074024390243903,False,False,0,False,0.0,0,0,0,-0.06763950087257492
2025-12-22,4050.0,6,0,0,12,0,22,12,4,52,0,0,0,0,0,133,12,0.0,1.0,337.5,337.5,0.0,5001.428571428572,2323.12597284656,2430.0,9270.0,9.571428571428571,0.16904761904761909,-0.40954669808915994,4590.0,1945.0766249490193,2070.0,9270.0,8.785714285714286,0.18477891156462586,-0.27762402420078297,4920.0,2581.2506992568133,450.0,10440.0,8.766666666666667,0.11226190476190476,-0.337045913536069,2430.0,7.0,0.0,4140.0,10.0,0.1,4050.0,9.0,0.0,4189.028317771767,0.11869038129363915,4504.573975364274,0.14066324440411726,0.6666666666666667,-0.021739130434782594,-1.0,1620.0,-90.0,0.7666666666666667,0.0914259420016679,0.46788899796211886,0.7240439141632905,-0.40954669808915994,-0.27762402420078297,-0.337045913536069,0.46449248243054575,0.4237639705762052,0.8965780684984413,1.1586078745081783,0.0,1.0,-0.9680771188662041,-0.2506525322587213,-2.4492935982947064e-16,1.0,0.0,0.0,0.0,12.0,-0.3161345930427511,0,False,-0.4095466980909228,False,-3410.999999999999,12838.5,False,-0.11515853658536586,False,False,0,False,0.0,0,0,0,-0.09464513464047325
2025-12-23,1530.0,2,0,0,4,1,23,12,4,52,0,0,0,0,0,134,4,0.0,1.0,382.5,382.5,0.0,4345.714285714285,2587.5139751175375,1530.0,9270.0,8.714285714285714,0.12619047619047621,-1.08819288041739,4551.428571428572,2003.373528452816,1530.0,9270.0,8.785714285714286,0.1312074829931973,-1.508170357899711,4854.0,2643.118064606322,450.0,10440.0,8.666666666666666,0.11226190476190476,-1.2576055699133195,4050.0,12.0,0.0,6120.0,10.0,0.3,2070.0,4.0,0.75,3524.2712383288253,0.08901778597022936,4107.964111982371,0.12190814515023496,-0.6222222222222222,-0.75,-1.0,-2520.0,-4590.0,-1.288888888888889,-0.0657859282536806,0.5000273530112654,0.7341347495823842,-1.08819288041739,-1.508170357899711,-1.2576055699133195,0.5954174170210744,0.4401636754280885,0.7467723073144934,1.0361976263203752,0.7818314824680298,0.6234898018587336,-0.9987165071710528,-0.05064916883871355,-2.4492935982947064e-16,1.0,0.0,0.0,0.0,4.0,-1.1507696632027637,0,False,-1.0881928804215955,False,-3410.999999999999,12838.5,False,-1.0364268292682928,False,False,0,False,0.0,0,0,0,-0.088650761889493
2025-12-24,3330.0,8,0,1,9,2,24,12,4,52,0,0,0,0,0,135,10,0.1,0.9,333.0,370.0,0.1,3497.1428571428573,1409.1334723357927,1530.0,5220.0,8.0,0.11190476190476194,-0.11861392864695326,4326.428571428572,1946.186041952336,1530.0,9270.0,8.642857142857142,0.13835034013605443,-0.5119904006833151,4842.0,2649.394725931396,450.0,10440.0,8.833333333333334,0.1155952380952381,-0.5706963878184474,1530.0,4.0,0.0,9270.0,15.0,0.2,6480.0,12.0,0.0,3475.703428746619,0.09176333947767201,4004.235563718055,0.11898705913020363,1.176470588235294,-0.6407766990291262,inf,1800.0,-5940.0,1.7986928104575162,0.0287518868723698,0.663806302535239,0.5606503938579844,-0.11861392864695326,-0.5119904006833151,-0.5706963878184474,0.40293849290532446,0.4498366284838984,1.1116214375061904,2.1092890654666774,0.9749279121818236,-0.22252093395631434,-0.9884683243281114,0.15142777750457667,-2.4492935982947064e-16,1.0,0.0,333.0,0.0,9.0,-0.5546017559456118,0,False,-0.118613928647795,False,-3410.999999999999,12838.5,False,-0.3783780487804878,False,False,0,False,0.0,0,0,0,-0.09233201891655002
2025-12-25,900.0,2,1,0,1,3,25,12,4,52,0,0,1,0,0,136,1,0.0,1.0,900.0,900.0,0.0,2880.0,1473.3634989370355,900.0,5220.0,6.857142857142857,0.06428571428571431,-1.3438638879102416,4017.8571428571427,2127.6248171699235,900.0,9270.0,8.142857142857142,0.1383503401360544,-1.4654167960823705,4581.0,2638.825953675819,450.0,10440.0,8.433333333333334,0.1155952380952381,-1.3949385312276883,3330.0,10.0,0.1,5220.0,9.0,0.3333333333333333,5220.0,8.0,0.0,2831.777571559964,0.06882250460825401,3590.3374885556477,0.10312211791284315,-0.7297297297297297,-0.8275862068965517,-1.0,-2430.0,-4320.0,-1.9062003179650238,-0.013081902534235135,0.7059333531264969,0.5984363026038669,-1.3438638879102416,-1.4654167960823705,-1.3949385312276883,0.5115845482402499,0.5295421767165297,0.9807498784905864,1.7184705838966396,0.43388373911755823,-0.900968867902419,-0.9377521321470804,0.3473052528448203,-2.4492935982947064e-16,1.0,0.0,0.0,0.0,1.0,-1.3594284307427669,0,False,-1.3438638879193625,False,-3410.999999999999,12838.5,False,-1.2667439024390243,False,False,0,False,0.0,0,0,0,-0.05580269432054996
2025-12-26,2340.0,7,3,0,6,4,26,12,4,52,0,0,1,0,0,137,6,0.0,1.0,390.0,390.0,0.0,2468.5714285714284,1053.2398994124121,900.0,4050.0,6.285714285714286,0.05000000000000003,-0.12207231101094436,3972.8571428571427,2157.938576766931,900.0,9270.0,8.071428571428571,0.1383503401360544,-0.7566745228198093,4596.0,2624.2405798039263,450.0,10440.0,8.5,0.1155952380952381,-0.8596772785824246,900.0,1.0,0.0,5220.0,10.0,0.1,2970.0,7.0,0.0,2708.833178669973,0.05161687845619051,3423.625823414895,0.08937250219113073,1.6,-0.5517241379310345,-1.0,1440.0,-2880.0,2.32972972972973,0.21548952603719343,0.9332915940131626,0.7087121400565177,-0.12207231101094436,-0.7566745228198093,-0.8596772785824246,0.42665968147320715,0.5431704436292879,0.9810849906477666,1.5579736529510377,-0.433883739117558,-0.9009688679024191,-0.8486442574947509,0.5289640103269624,-2.4492935982947064e-16,1.0,0.0,0.0,0.0,6.0,-0.8824941049370453,0,False,-0.12207231101210338,False,-3410.999999999999,12838.5,False,-0.7403048780487804,False,False,0,False,0.0,0,0,0,-0.07015577005246826
2025-12-27,8460.0,7,0,0,15,5,27,12,4,52,1,0,1,0,0,138,15,0.0,1.0,564.0,564.0,0.0,3291.4285714285716,2508.6478999082897,900.0,8460.0,7.857142857142857,0.014285714285714318,2.060301658411201,4204.285714285715,2455.235267704545,900.0,9270.0,8.571428571428571,0.12942176870748298,1.7333223995579519,4659.0,2694.9970891162056,450.0,10440.0,8.633333333333333,0.1155952380952381,1.4103911337553214,2340.0,6.0,0.0,2700.0,4.0,0.25,5220.0,8.0,0.125,4146.62488400248,0.03871265884214288,4095.142380292909,0.07745616856564663,2.6153846153846154,2.1333333333333333,-1.0,6120.0,5760.0,1.0153846153846153,0.6580814169049464,1.2333512671556657,0.9536239332533307,2.060301658411201,1.7333223995579519,1.4103911337553214,0.7621760112545432,0.5839839236796105,0.8712013749905,0.20503887039913077,-0.9749279121818236,-0.2225209339563146,-0.72479278722912,0.6889669190756865,-2.4492935982947064e-16,1.0,8460.0,0.0,0.0,15.0,1.1444767797372708,0,False,2.0603016584194136,False,-3410.999999999999,12838.5,False,1.497060975609756,False,False,0,False,0.0,0,0,0,-0.05879985866186843
2025-12-28,7650.0,8,0,0,14,6,28,12,4,52,1,0,1,0,0,139,14,0.0,1.0,546.4285714285714,546.4285714285714,0.0,4037.1428571428573,2947.381404375269,900.0,8460.0,8.857142857142858,0.014285714285714318,1.2257854166690962,4525.714285714285,2597.0596222109866,900.0,9270.0,9.071428571428571,0.0988095238095238,1.2030088518390842,4566.0,2531.8244750404374,450.0,9360.0,8.533333333333333,0.1155952380952381,1.2180939201713668,8460.0,15.0,0.0,2430.0,7.0,0.0,3150.0,7.0,0.42857142857142855,5022.4686630018605,0.02903449413160716,4569.1233962538545,0.06712867942356042,-0.0957446808510638,2.1481481481481484,-1.0,-810.0,5220.0,-2.711129296235679,0.6586893196405086,1.2329163159860856,0.9393148719219087,1.2257854166690962,1.2030088518390842,1.2180939201713668,0.7300661652716128,0.5738452448054526,0.516167684476109,-0.7281388330792614,-0.7818314824680299,0.6234898018587334,-0.5712682150947924,0.8207634412072763,-2.4492935982947064e-16,1.0,7650.0,0.0,0.0,14.0,0.8762012214715525,0,False,1.225785416673255,False,-3410.999999999999,12838.5,False,1.200939024390244,False,False,0,False,0.0,0,0,0,-0.06689042431123227
2025-12-29,3240.0,5,0,0,9,0,29,12,4,1,0,0,1,0,0,140,9,0.0,1.0,360.0,360.0,0.0,3921.4285714285716,2962.6532510090133,900.0,8460.0,8.428571428571429,0.014285714285714318,-0.23000618489328517,4461.428571428572,2618.3930983682353,900.0,9270.0,9.0,0.09166666666666666,-0.46648021345041457,4527.0,2543.295649078314,450.0,9360.0,8.566666666666666,0.1155952380952381,-0.5060363314274321,7650.0,14.0,0.0,4050.0,12.0,0.0,4140.0,10.0,0.1,4576.851497251395,0.02177587059870537,4391.906943420007,0.058178188833752364,-0.5764705882352941,-0.19999999999999996,-1.0,-4410.0,-810.0,-0.48072590738423027,0.4810982832259429,1.3181604720090545,0.9715276920551501,-0.23000618489328517,-0.46648021345041457,-0.5060363314274321,0.7555035612754174,0.5868956672602166,0.5792646546037994,-0.7494752986029303,0.0,1.0,-0.3943558551133187,0.9189578116202306,-2.4492935982947064e-16,1.0,0.0,0.0,0.0,9.0,-0.5844101513084694,0,False,-0.23000618489406152,False,-3410.999999999999,12838.5,False,-0.411280487804878,False,False,0,False,0.0,0,0,0,-0.11128834483705496
2025-12-30,1350.0,8,2,0,6,1,30,12,4,1,0,0,1,0,0,141,6,0.0,1.0,225.0,225.0,0.0,3895.714285714286,2987.5455764604762,900.0,8460.0,8.714285714285714,0.014285714285714318,-0.8521089371034214,4120.714285714285,2695.1907718570283,900.0,9270.0,8.714285714285714,0.07023809523809524,-1.0280215837170368,4458.0,2601.7718100794564,450.0,9360.0,8.566666666666666,0.11003968253968255,-1.1945705568595342,3240.0,9.0,0.0,1530.0,4.0,0.0,6120.0,10.0,0.3,3770.138622938546,0.016331902949029028,3986.3193509640064,0.050421096989252054,-0.5833333333333333,-0.11764705882352944,-1.0,-1890.0,-180.0,-0.006862745098039191,0.4866538387814984,1.3128064505102979,0.9964974320964278,-0.8521089371034214,-1.0280215837170368,-1.1945705568595342,0.7668800526281501,0.6540591230006384,0.8171491291254226,-0.47676669104127584,0.7818314824680298,0.6234898018587336,-0.20129852008866114,0.9795299412524943,-2.4492935982947064e-16,1.0,0.0,0.0,0.0,6.0,-1.2103864539284788,0,False,-0.8521089371062736,False,-3410.999999999999,12838.5,False,-1.102231707317073,False,False,0,False,0.0,0,0,0,-0.07865027002150371
2025-12-31,1440.0,4,0,0,6,2,31,12,4,1,0,0,1,0,1,142,6,0.0,1.0,240.0,240.0,0.0,3625.714285714286,3129.237698134892,900.0,8460.0,8.142857142857142,0.0,-0.6984813863804735,3561.4285714285716,2332.456140713396,900.0,8460.0,8.071428571428571,0.05595238095238096,-0.9095256002415653,4491.0,2555.0414666990664,900.0,9360.0,8.6,0.0967063492063492,-1.1941097785507708,1350.0,6.0,0.0,3330.0,10.0,0.1,9270.0,15.0,0.2,3187.6039672039096,0.01224892721177177,3646.8101041688055,0.04369828405735178,0.06666666666666665,-0.5675675675675675,-1.0,90.0,-1890.0,0.6499999999999999,0.3281104214145517,1.2822736726605317,0.9931628511599633,-0.6984813863804735,-0.9095256002415653,-1.1941097785507708,0.8630679230450682,0.6549214995967881,1.0154590699960895,0.23692939874445934,0.9749279121818236,-0.22252093395631434,-2.4492935982947064e-16,1.0,-2.4492935982947064e-16,1.0,0.0,0.0,1440.0,6.0,-1.1805780585656211,0,False,-0.6984813863827056,False,-3410.999999999999,12838.5,False,-1.069329268292683,False,False,0,False,0.0,0,0,0,-0.06364552504787901
2026-01-01,4500.0,8,2,1,9,3,1,1,1,1,0,1,0,1,0,143,10,0.1,0.9,450.0,500.0,0.1,4140.0,2893.56181893527,1350.0,8460.0,9.428571428571429,0.014285714285714318,0.1244141381887681,3510.0,2300.795848931739,900.0,8460.0,8.142857142857142,0.03928571428571429,0.4302858945331264,4374.0,2467.1980477652264,900.0,9360.0,8.466666666666667,0.0928968253968254,0.051070079320798496,1440.0,6.0,0.0,900.0,1.0,0.0,5220.0,9.0,0.3333333333333333,3515.702975402932,0.03418669540882883,3760.5687569462984,0.051205179516371546,2.125,4.0,inf,3060.0,3600.0,2.0583333333333336,0.7359289542330846,1.3423194671832144,1.1012070694908582,0.1244141381887681,0.4302858945331264,0.051070079320798496,0.6989279755865412,0.6554973928561778,1.1086804849771759,0.5668047992855884,0.43388373911755823,-0.900968867902419,0.20129852008866006,0.9795299412524945,0.49999999999999994,0.8660254037844387,0.0,450.0,0.0,9.0,-0.16709261622846314,0,False,0.12441413818919807,False,-3410.999999999999,12838.5,False,0.04935365853658537,False,False,0,False,0.0,0,0,0,-0.05574224684906959
2026-01-02,2970.0,5,0,1,6,4,2,1,1,1,0,1,0,0,0,144,7,0.14285714285714285,0.8571428571428571,424.2857142857143,495.0,0.14285714285714285,4230.0,2837.498898678198,1350.0,8460.0,9.571428571428571,0.03469387755102044,-0.44405303578532124,3349.285714285714,2250.1879042416845,900.0,8460.0,7.928571428571429,0.042346938775510205,-0.16855735184117804,4161.0,2291.4749804889616,900.0,9270.0,8.366666666666667,0.09765873015873017,-0.5197525655465213,4500.0,10.0,0.1,2340.0,6.0,0.0,5220.0,10.0,0.1,3379.2772315521993,0.061354307270907335,3655.1595893534586,0.06342544129514105,-0.33999999999999997,0.26923076923076916,0.4285714285714284,-1530.0,630.0,-2.465,0.4587860970902274,1.3344334947485768,1.113471770336671,-0.44405303578532124,-0.16855735184117804,-0.5197525655465213,0.6708035221445603,0.6718411315694077,1.3949911304847002,1.4312227533468693,-0.433883739117558,-0.9009688679024191,0.39435585511331855,0.9189578116202306,0.49999999999999994,0.8660254037844387,0.0,424.2857142857143,0.0,6.0,-0.6738353373970422,0,False,-0.44405303578688615,False,-3410.999999999999,12838.5,False,-0.5099878048780487,False,False,0,False,0.0,0,0,0,-0.09052631162992392
2026-01-03,6390.0,9,1,0,12,5,3,1,1,1,1,1,0,0,0,145,12,0.0,1.0,532.5,532.5,0.0,3934.285714285714,2396.8372016948833,1350.0,7650.0,9.142857142857142,0.03469387755102044,1.0245644902238344,3612.8571428571427,2380.6153973982555,900.0,8460.0,8.5,0.024489795918367346,1.166565107562648,4170.0,2299.9490249223722,900.0,9270.0,8.466666666666667,0.09765873015873017,0.965238783961865,2970.0,7.0,0.14285714285714285,8460.0,15.0,0.0,2700.0,4.0,0.25,4131.957923664149,0.0460157304531805,4019.804977439664,0.05496871578912225,1.1515151515151514,-0.24468085106382975,-1.0,3420.0,-2070.0,1.4915151515151512,0.24966188796601824,1.0171121161802108,1.1065489394827768,1.0245644902238344,1.166565107562648,0.965238783961865,0.6092178798773253,0.6589287379099116,0.9776599072755491,-0.015263246874654914,-0.9749279121818236,-0.2225209339563146,0.5712682150947923,0.8207634412072763,0.49999999999999994,0.8660254037844387,6390.0,0.0,0.0,12.0,0.4588836863915463,0,False,1.0245644902281092,False,-3410.999999999999,12838.5,False,0.7403048780487804,False,False,0,False,0.0,0,0,0,-0.05383198357711427
2026-01-04,11070.0,9,2,4,13,6,4,1,1,1,1,1,0,0,0,146,17,0.23529411764705882,0.7647058823529411,651.1764705882352,851.5384615384615,0.2857142857142857,4422.857142857143,3413.4523788764263,1350.0,11070.0,9.571428571428571,0.0683073229291717,1.9473372173750263,4230.0,3070.3670539780474,900.0,11070.0,9.214285714285714,0.04129651860744298,2.2277466764488763,4263.0,2517.9468236832454,900.0,11070.0,8.6,0.10550186741363211,2.7033930724619935,6390.0,12.0,0.0,7650.0,14.0,0.0,2430.0,7.0,0.0,5866.468442748112,0.09333532725165009,4959.8309804477085,0.07901210270351379,0.732394366197183,0.44705882352941173,inf,4680.0,3420.0,-0.41912078531796837,0.3679674661157678,1.0184018378724011,1.096819417857085,1.9473372173750263,2.2277466764488763,2.7033930724619935,0.7717754086589457,0.7258550955013685,1.032865953298629,0.2764169324009155,-0.7818314824680299,0.6234898018587334,0.72479278722912,0.6889669190756866,0.49999999999999994,0.8660254037844387,11070.0,2604.705882352941,0.0,13.0,2.008920245260141,1,False,1.947337217380731,False,-3410.999999999999,12838.5,False,2.4512317073170733,False,False,0,False,0.0,0,0,0,-0.001501857549350949
2026-01-05,7020.0,10,1,0,17,0,5,1,1,2,0,1,0,0,0,147,17,0.0,1.0,412.94117647058823,412.94117647058823,0.0,4962.857142857143,3493.2015605826605,1350.0,11070.0,10.714285714285714,0.0683073229291717,0.5888989860618978,4442.142857142857,3158.3179032551434,900.0,11070.0,9.571428571428571,0.04129651860744298,0.8162120539519134,4389.0,2559.2285340811527,900.0,11070.0,9.0,0.10550186741363211,1.0280441800928635,11070.0,17.0,0.23529411764705882,3240.0,9.0,0.0,4050.0,12.0,0.0,6154.851332061084,0.07000149543873757,5234.520183054681,0.06847715567637862,-0.36585365853658536,1.1666666666666665,-1.0,-4050.0,3780.0,-1.0982480247337683,0.3980555989298691,0.9885213667069669,1.1201808041003225,0.5888989860618978,0.8162120539519134,1.0280441800928635,0.7038690536565732,0.7109897193354635,0.7753665912248752,-0.4160631428509055,0.0,1.0,0.8486442574947509,0.5289640103269624,0.49999999999999994,0.8660254037844387,0.0,0.0,0.0,17.0,0.6675424539315494,0,False,0.5888989860635837,False,-3410.999999999999,12838.5,False,0.9706219512195121,False,False,0,False,0.0,0,0,0,-0.08035810121086717
2026-01-06,5670.0,4,0,0,8,1,6,1,1,2,0,0,0,0,0,148,8,0.0,1.0,708.75,708.75,0.0,5580.0,3109.0191379275866,1440.0,11070.0,11.0,0.0683073229291717,0.028948036665899336,4737.857142857143,3056.8641009812854,900.0,11070.0,9.857142857142858,0.04129651860744298,0.30493434655488283,4539.0,2495.125385557841,900.0,11070.0,9.133333333333333,0.10550186741363211,0.4532838335667876,7020.0,17.0,0.0,1350.0,6.0,0.0,1530.0,4.0,0.0,6033.638499045813,0.05250112157905318,5292.584158647391,0.05934686825286147,-0.1923076923076923,3.2,-1.0,-1350.0,4320.0,0.17354596622889307,0.45391640479067485,0.9333281422298612,1.0944308065425992,0.028948036665899336,0.30493434655488283,0.4532838335667876,0.5571718885164901,0.6451997197896527,0.5988452470895517,-0.44133355308522676,0.7818314824680298,0.6234898018587336,0.9377521321470804,0.3473052528448203,0.49999999999999994,0.8660254037844387,0.0,0.0,0.0,8.0,0.22041652348868557,0,False,0.028948036665992445,False,-3410.999999999999,12838.5,False,0.4770853658536585,False,False,0,False,0.0,0,0,0,-0.11590085851436815
2026-01-07,10530.0,9,1,0,16,2,7,1,1,2,0,0,0,0,0,149,16,0.0,1.0,658.125,658.125,0.0,6878.571428571428,2987.6101294704245,2970.0,11070.0,12.428571428571429,0.0683073229291717,1.2221904509553903,5252.142857142857,3389.366127648759,900.0,11070.0,10.285714285714286,0.03415366146458584,1.5571811790374148,4755.0,2721.543362848012,900.0,11070.0,9.366666666666667,0.10550186741363211,2.1219577386911155,5670.0,8.0,0.0,1440.0,6.0,0.0,3330.0,10.0,0.1,7157.728874284359,0.039375841184289884,5990.906270827739,0.05143395248581328,0.8571428571428572,6.3125,-1.0,4860.0,9090.0,1.0494505494505495,0.566841574858702,0.926460385951519,1.0818361059826942,1.2221904509553903,1.5571811790374148,2.1219577386911155,0.4343358443668239,0.6453301480619106,0.35818056058899117,-1.0686134193514143,0.9749279121818236,-0.22252093395631434,0.9884683243281114,0.1514277775045767,0.49999999999999994,0.8660254037844387,0.0,0.0,0.0,16.0,1.8300698730829954,0,False,1.222190450959481,False,-3410.999999999999,12838.5,False,2.2538170731707314,False,False,0,False,0.0,0,0,0,-0.05962970670356693
2026-01-08,5310.0,6,1,0,9,3,8,1,1,2,0,0,0,0,0,150,9,0.0,1.0,590.0,590.0,0.0,6994.285714285715,2894.3615136034014,2970.0,11070.0,12.285714285714286,0.05402160864345741,-0.5819196069198024,5567.142857142857,3150.2684344022505,1350.0,11070.0,10.857142857142858,0.03415366146458584,-0.08162569714184764,4863.0,2675.21207667213,900.0,11070.0,9.533333333333333,0.08050186741363212,0.1670895567107268,10530.0,16.0,0.0,4500.0,10.0,0.1,900.0,1.0,0.0,6695.7966557132695,0.029531880888217413,5900.118768050707,0.044576092154371506,-0.49572649572649574,0.17999999999999994,-1.0,-5220.0,810.0,-1.352869352869353,0.19245207546920268,0.6916157201848835,1.063908181783041,-0.5819196069198024,-0.08162569714184764,0.1670895567107268,0.41381802686263974,0.5658680790550717,0.3314865800909311,-0.8484022596984085,0.43388373911755823,-0.900968867902419,0.9987165071710528,-0.05064916883871264,0.49999999999999994,0.8660254037844387,0.0,0.0,0.0,9.0,0.10118294203725518,0,False,-0.5819196069218129,False,-3410.999999999999,12838.5,False,0.3454756097560976,False,False,0,False,0.0,0,0,0,-0.09626449050677344
2026-01-09,10170.0,8,0,4,14,4,9,1,1,2,0,0,0,0,0,151,18,0.2222222222222222,0.7777777777777778,565.0,726.4285714285714,0.26666666666666666,8022.857142857143,2474.8246691143895,5310.0,11070.0,13.857142857142858,0.06535947712418304,0.8675939285438476,6126.428571428572,3227.3723704559443,1350.0,11070.0,11.714285714285714,0.05002667733760171,1.2528989420541043,4986.0,2832.336186942162,900.0,11070.0,9.733333333333333,0.08790927482103952,1.8302912005578094,5310.0,9.0,0.0,2970.0,7.0,0.14285714285714285,2340.0,6.0,0.0,7564.347491784953,0.07770446622171862,6469.436265643946,0.06826224283008493,0.9152542372881356,2.4242424242424243,inf,4860.0,7200.0,1.4109807330146313,0.37177410936750777,0.6932816690698684,1.0226140014867406,0.8675939285438476,1.2528989420541043,1.8302912005578094,0.308471735822278,0.5267950703778649,0.0452853414003634,-1.0713316171572869,-0.433883739117558,-0.9009688679024191,0.9680771188662043,-0.2506525322587204,0.49999999999999994,0.8660254037844387,0.0,2260.0,0.0,14.0,1.7108362916315651,0,False,0.8675939285473533,False,-3410.999999999999,12838.5,False,2.122207317073171,False,False,0,False,0.0,0,0,0,-0.04206302465508094
2026-01-10,4860.0,4,0,1,7,5,10,1,1,2,1,0,0,0,0,152,8,0.125,0.875,607.5,694.2857142857143,0.125,7804.285714285715,2700.357119239708,4860.0,11070.0,13.285714285714286,0.08321661998132589,-1.090331976203126,5869.285714285715,3170.048444875432,1350.0,11070.0,11.214285714285714,0.05895524876617314,-0.3183817950524069,4974.0,2832.073201859311,900.0,11070.0,9.733333333333333,0.09207594148770619,-0.040253196818766636,10170.0,18.0,0.2222222222222222,6390.0,12.0,0.0,8460.0,15.0,0.0,6888.260618838714,0.08952834966628896,6254.844763558087,0.07582727711940694,-0.5221238938053097,-0.23943661971830987,-0.4375,-5310.0,-1530.0,-1.4373781310934453,0.13268281717887045,0.6676753029821267,0.8287960945791302,-1.090331976203126,-0.3183817950524069,-0.040253196818766636,0.3460095155528782,0.5401080470753369,0.29084379195636967,-0.8325186807161878,-0.9749279121818236,-0.2225209339563146,0.8978045395707416,-0.4403941515576344,0.49999999999999994,0.8660254037844387,4860.0,607.5,0.0,7.0,-0.047859034777032766,0,False,-1.0903319762071637,False,-3410.999999999999,12838.5,False,0.18096341463414634,False,False,0,False,0.0,0,0,0,-0.052468947493693685
2026-01-11,1620.0,5,0,0,7,6,11,1,1,2,1,0,0,0,0,153,7,0.0,1.0,231.42857142857142,231.42857142857142,0.0,6454.285714285715,3124.488529572251,1620.0,10530.0,11.857142857142858,0.049603174603174635,-1.547224663657852,5438.571428571428,3315.789399322481,1350.0,11070.0,10.714285714285714,0.05895524876617314,-1.151632678884903,4929.0,2875.4074373963904,900.0,11070.0,9.733333333333333,0.09207594148770619,-1.1507934343331563,4860.0,8.0,0.125,11070.0,17.0,0.23529411764705882,7650.0,14.0,0.0,5571.195464129036,0.06714626224971672,5636.865461750343,0.06571697350348601,-0.6666666666666667,-0.8536585365853658,-1.0,-3240.0,-9450.0,-0.14454277286135708,-0.06718304465882237,0.6676355015369498,0.8575467102040032,-1.547224663657852,-1.151632678884903,-1.1507934343331563,0.484095168370338,0.609680215267,0.5087682765326423,-0.8087496542300112,-0.7818314824680299,0.6234898018587334,0.7907757369376989,-0.6121059825476626,0.49999999999999994,0.8660254037844387,1620.0,0.0,0.0,7.0,-1.1209612678399061,0,False,-1.5472246636628038,False,-3410.999999999999,12838.5,False,-1.0035243902439024,False,False,0,False,0.0,0,0,0,-0.08169936218863266
2026-01-12,3420.0,5,1,1,5,0,12,1,1,3,0,0,0,0,0,154,6,0.16666666666666666,0.8333333333333334,570.0,684.0,0.16666666666666666,5940.0,3306.81115275729,1620.0,10530.0,10.285714285714286,0.07341269841269844,-0.7620634755302399,5451.428571428572,3306.9457373670507,1350.0,11070.0,10.5,0.07086001067093504,-0.6142914739931074,4869.0,2887.8787704998012,900.0,11070.0,9.666666666666666,0.09346483037659509,-0.5017523639831343,1620.0,7.0,0.0,7020.0,17.0,0.0,3240.0,9.0,0.0,5033.396598096777,0.0920263633539542,5341.28340018363,0.07917693259191011,1.1111111111111112,-0.5128205128205128,inf,1800.0,-3600.0,1.777777777777778,0.14381192243370572,0.7812344746653409,0.8660809273647642,-0.7620634755302399,-0.6142914739931074,-0.5017523639831343,0.5567022142679668,0.6066200251972456,0.5052146651322273,-0.7939619796909203,0.0,1.0,0.6513724827222223,-0.758758122692791,0.49999999999999994,0.8660254037844387,0.0,570.0,0.0,5.0,-0.5247933605827543,0,False,-0.7620634755325444,False,-3410.999999999999,12838.5,False,-0.3454756097560976,False,False,0,False,0.0,0,0,0,-0.11270967956665628
2026-01-13,2340.0,2,0,0,4,1,13,1,1,3,0,0,0,0,0,155,4,0.0,1.0,585.0,585.0,0.0,5464.285714285715,3580.3391698872006,1620.0,10530.0,9.714285714285714,0.07341269841269844,-0.8726228343264529,5522.142857142857,3221.9897783618326,1440.0,11070.0,10.357142857142858,0.07086001067093504,-0.987632821960996,4842.0,2908.2195050675195,900.0,11070.0,9.566666666666666,0.0791791160908808,-0.8603202047272248,3420.0,6.0,0.16666666666666666,5670.0,8.0,0.0,1350.0,6.0,0.0,4360.047448572583,0.06901977251546565,4941.112280159146,0.0686200082463221,-0.3157894736842105,-0.5873015873015873,-1.0,-1080.0,-3330.0,-1.4269005847953218,0.12617166795134596,0.7914167280143883,0.8485557546885691,-0.8726228343264529,-0.987632821960996,-0.8603202047272248,0.6552254689977657,0.5834672991460869,0.5737066623165491,-0.7478440782556158,0.7818314824680298,0.6234898018587336,0.48530196253108104,-0.8743466161445821,0.49999999999999994,0.8660254037844387,0.0,0.0,0.0,4.0,-0.8824941049370453,0,False,-0.8726228343288901,False,-3410.999999999999,12838.5,False,-0.7403048780487804,False,False,0,False,0.0,0,0,0,-0.11727730617858123
2026-01-14,3420.0,4,1,0,7,2,14,1,1,3,0,0,0,0,0,156,7,0.0,1.0,488.57142857142856,488.57142857142856,0.0,4448.571428571428,2834.5747980454275,1620.0,10170.0,8.428571428571429,0.07341269841269844,-0.3628662151646336,5663.571428571428,3068.8374324511205,1620.0,11070.0,10.428571428571429,0.07086001067093504,-0.7310818764264576,4818.0,2917.1696249429256,900.0,11070.0,9.466666666666667,0.07584578275754747,-0.4792316456478117,2340.0,4.0,0.0,10530.0,16.0,0.0,1440.0,6.0,0.0,4125.035586429437,0.05176482938659924,4738.297309471261,0.059470673813479154,0.46153846153846145,-0.6752136752136753,-1.0,1080.0,-7110.0,0.777327935222672,0.06965675429357514,0.7431730488070096,0.8471211326316492,-0.3628662151646336,-0.7310818764264576,-0.4792316456478117,0.6371876553074307,0.5418555184038318,0.6849169842986587,-0.631270150290509,0.9749279121818236,-0.22252093395631434,0.29936312297335804,-0.9541392564000488,0.49999999999999994,0.8660254037844387,0.0,0.0,0.0,7.0,-0.5247933605827543,0,False,-0.36286621516591366,False,-3410.999999999999,12838.5,False,-0.3454756097560976,False,False,0,False,0.0,0,0,0,-0.12873003988585452
2026-01-15,5490.0,7,2,1,8,3,15,1,1,3,0,0,0,0,0,157,9,0.1111111111111111,0.8888888888888888,610.0,686.25,0.1111111111111111,4474.285714285715,2844.4909160390307,1620.0,10170.0,8.428571428571429,0.08928571428571432,0.3570812196950526,5734.285714285715,3051.319296722231,1620.0,11070.0,10.357142857142858,0.07165366146458584,-0.080059046769484,4797.0,2909.7317686544984,900.0,11070.0,9.433333333333334,0.06954948646125116,0.23816628304473283,3420.0,7.0,0.0,5310.0,9.0,0.0,4500.0,10.0,0.1,4466.276689822078,0.0666013998177272,4838.524334875093,0.06635606545316342,0.605263157894737,0.03389830508474567,inf,2070.0,180.0,0.1437246963562755,0.22694099052517983,0.7197088261055337,0.6783487752285257,0.3570812196950526,-0.080059046769484,0.23816628304473283,0.6357419033278644,0.5321184623073834,0.6206133477351375,-0.6430894276126284,0.43388373911755823,-0.900968867902419,0.10116832198743272,-0.994869323391895,0.49999999999999994,0.8660254037844387,0.0,610.0,0.0,8.0,0.16079973276297038,0,False,0.3570812196963079,False,-3410.999999999999,12838.5,False,0.411280487804878,False,False,0,False,0.0,0,0,0,-0.12466687833730639
2026-01-16,1980.0,6,0,0,8,4,16,1,1,3,0,0,0,0,0,158,8,0.0,1.0,247.5,247.5,0.0,3304.285714285714,1457.4390455276541,1620.0,5490.0,7.0,0.05753968253968257,-0.9086388335350113,5663.571428571428,3130.7472864203796,1620.0,11070.0,10.428571428571429,0.06144957983193278,-1.1765789735048748,4554.0,2826.5119237626445,900.0,11070.0,9.2,0.0628828197945845,-0.9106630608387429,5490.0,9.0,0.1111111111111111,10170.0,18.0,0.2222222222222222,2970.0,7.0,0.14285714285714285,3844.7075173665585,0.0499510498632954,4457.387756891747,0.057508590059408296,-0.639344262295082,-0.8053097345132744,-1.0,-3510.0,-8190.0,-1.244607420189819,0.004855490584720156,0.7117239627415382,0.7013363774135419,-0.9086388335350113,-1.1765789735048748,-0.9106630608387429,0.44107537045666684,0.5527867575962659,0.5606557772717532,-0.7125822076027655,-0.433883739117558,-0.9009688679024191,-0.10116832198743204,-0.9948693233918952,0.49999999999999994,0.8660254037844387,0.0,0.0,0.0,8.0,-1.0017276863884756,0,False,-0.9086388335412457,False,-3410.999999999999,12838.5,False,-0.8719146341463414,False,False,0,False,0.0,0,0,0,-0.10664345137968195
2026-01-17,2970.0,6,1,1,6,5,17,1,1,3,1,0,0,0,0,159,7,0.14285714285714285,0.8571428571428571,424.2857142857143,495.0,0.14285714285714285,3034.285714285714,1286.2070484290462,1620.0,5490.0,6.857142857142857,0.06009070294784583,-0.049980844346741854,5419.285714285715,3202.315182406711,1620.0,11070.0,10.071428571428571,0.07165366146458584,-0.7648484220835806,4479.0,2838.058284740854,900.0,11070.0,9.133333333333333,0.05653361344537815,-0.5317015538785776,1980.0,8.0,0.0,4860.0,8.0,0.125,6390.0,12.0,0.0,3626.030638024919,0.07317757311175727,4259.069389306181,0.06888839709910624,0.5,-0.38888888888888884,inf,990.0,-1890.0,1.139344262295082,0.1508731896997644,0.6901109366484917,0.6524167264485801,-0.049980844346741854,-0.7648484220835806,-0.5317015538785776,0.4238912118160853,0.5909109338817875,0.7369973289357497,-0.6710145572013404,-0.9749279121818236,-0.2225209339563146,-0.2993631229733582,-0.9541392564000488,0.49999999999999994,0.8660254037844387,2970.0,424.2857142857143,0.0,6.0,-0.6738353373970422,0,False,-0.04998084434713044,False,-3410.999999999999,12838.5,False,-0.5099878048780487,False,False,0,False,0.0,0,0,0,-0.10873882396508394
2026-01-18,1890.0,4,0,3,3,6,18,1,1,3,1,0,0,0,0,160,6,0.5,0.5,315.0,630.0,0.75,3072.8571428571427,1239.942394975319,1890.0,5490.0,6.714285714285714,0.13151927437641725,-0.9539613675933291,4763.571428571428,2879.8840979425568,1620.0,10530.0,9.285714285714286,0.09056122448979591,-0.9978080126955052,4368.0,2872.9828305835,900.0,11070.0,9.0,0.06986694677871148,-0.8625182070747341,2970.0,7.0,0.14285714285714285,1620.0,7.0,0.0,11070.0,17.0,0.23529411764705882,3192.0229785186893,0.17988317983381796,3943.1934707320233,0.12636994415255876,-0.36363636363636365,0.16666666666666674,2.5,-1080.0,270.0,-0.8636363636363636,0.1941632329898077,0.6378020981047949,0.6417661115114655,-0.9539613675933291,-0.9978080126955052,-0.8625182070747341,0.4035144939469544,0.6045640631445668,0.9819173232272709,0.18742347196665365,-0.7818314824680299,0.6234898018587334,-0.4853019625310808,-0.8743466161445822,0.49999999999999994,0.8660254037844387,1890.0,945.0,0.0,3.0,-1.0315360817513333,0,False,-0.9539613676010226,False,-3410.999999999999,12838.5,False,-0.9048170731707317,False,False,0,False,0.0,0,0,0,-0.06260313272070323
2026-01-19,2340.0,3,1,0,4,0,19,1,1,4,0,0,0,0,0,161,4,0.0,1.0,585.0,585.0,0.0,2918.5714285714284,1256.6281413824347,1890.0,5490.0,6.428571428571429,0.10770975056689346,-0.46041578213450607,4429.285714285715,2869.418231804312,1620.0,10530.0,8.357142857142858,0.09056122448979591,-0.7281217116142301,4356.0,2880.9308840409,900.0,11070.0,9.0,0.061533613445378145,-0.6997738165676806,1890.0,6.0,0.5,3420.0,6.0,0.16666666666666666,7020.0,17.0,0.0,2979.017233889017,0.13491238487536347,3729.434341301087,0.10952061826555093,0.23809523809523814,-0.3157894736842105,-1.0,450.0,-1080.0,0.6017316017316018,0.06944667970182583,0.4988330009990745,0.6308922659700874,-0.46041578213450607,-0.7281217116142301,-0.6997738165676806,0.430562750349824,0.6478286606219912,1.3047212724305353,0.9612206091654101,0.0,1.0,-0.651372482722222,-0.7587581226927911,0.49999999999999994,0.8660254037844387,0.0,0.0,0.0,4.0,-0.8824941049370453,0,False,-0.4604157821381699,False,-3410.999999999999,12838.5,False,-0.7403048780487804,False,False,0,False,0.0,0,0,0,-0.09263274207185723
2026-01-20,6480.0,6,0,0,12,1,20,1,1,4,0,0,0,0,0,162,12,0.0,1.0,540.0,540.0,0.0,3510.0,1796.9974958246294,1890.0,6480.0,7.571428571428571,0.10770975056689346,1.6527568941438957,4487.142857142857,2904.313578565055,1620.0,10530.0,8.642857142857142,0.09056122448979591,0.6861714787130182,4491.0,2882.4574644706818,900.0,11070.0,9.166666666666666,0.061533613445378145,0.6900362015778604,2340.0,4.0,0.0,2340.0,4.0,0.0,5670.0,8.0,0.0,3854.2629254167628,0.1011842886565226,4096.176429127609,0.09491786916347747,1.7692307692307692,1.7692307692307692,-1.0,4140.0,4140.0,1.531135531135531,0.3673067144039658,0.7759747668304259,0.7633113612124611,1.6527568941438957,0.6861714787130182,0.6900362015778604,0.5119650985240769,0.6472523097710946,1.2131177468889607,0.6252932992316427,0.7818314824680298,0.6234898018587336,-0.7907757369376986,-0.6121059825476627,0.49999999999999994,0.8660254037844387,0.0,0.0,0.0,12.0,0.4886920817544039,0,False,1.652756894153093,False,-3410.999999999999,12838.5,False,0.7732073170731707,False,False,0,False,0.0,0,0,0,-0.10265648103402741
2026-01-21,12600.0,9,1,0,18,2,21,1,1,4,0,0,0,0,0,163,18,0.0,1.0,700.0,700.0,0.0,4821.428571428572,3872.0426502963883,1890.0,12600.0,9.142857142857142,0.10770975056689346,2.0089064432066426,4635.0,3265.8106544576685,1620.0,12600.0,8.785714285714286,0.09056122448979591,2.438904407732207,4776.0,3238.09714237363,900.0,12600.0,9.366666666666667,0.061533613445378145,2.4162338731569344,6480.0,12.0,0.0,3420.0,7.0,0.0,10530.0,16.0,0.0,6040.697194062572,0.07588821649239194,5230.019571910594,0.08226215327501381,0.9444444444444444,2.6842105263157894,-1.0,6120.0,9180.0,-0.8247863247863247,0.4362932833905348,0.8066097097222927,0.7690168864499531,2.0089064432066426,2.438904407732207,2.4162338731569344,0.8030903274672149,0.7045977679505119,1.5018964117376408,1.788108448858111,0.9749279121818236,-0.22252093395631434,-0.8978045395707417,-0.44039415155763423,0.49999999999999994,0.8660254037844387,0.0,0.0,0.0,18.0,2.51566296642872,2,False,2.008906443211831,False,-3410.999999999999,12838.5,False,3.010573170731707,False,False,0,False,0.0,0,0,0,-0.02294070070921883
2026-01-22,11250.0,6,0,0,18,3,22,1,1,4,0,0,0,0,0,164,18,0.0,1.0,625.0,625.0,0.0,5644.285714285715,4584.324221892313,1890.0,12600.0,10.428571428571429,0.09183673469387757,1.2228005730772977,5059.285714285715,3715.1880877652106,1620.0,12600.0,9.428571428571429,0.09056122448979591,1.666325940827806,5100.0,3385.0574283316737,900.0,12600.0,9.833333333333334,0.061533613445378145,1.816808172442989,12600.0,18.0,0.0,5490.0,9.0,0.1111111111111111,5310.0,9.0,0.0,7343.022895546928,0.056916162369293956,6032.683628989182,0.07129386617167864,-0.1071428571428571,1.0491803278688523,-1.0,-1350.0,5760.0,-1.0515873015873014,0.33452099552802134,0.8264365445715478,0.7466013270729884,1.2228005730772977,1.666325940827806,1.816808172442989,0.8122062655831267,0.7343305552535668,1.124628085642223,-0.07537036513585177,0.43388373911755823,-0.900968867902419,-0.9680771188662041,-0.2506525322587213,0.49999999999999994,0.8660254037844387,0.0,0.0,0.0,18.0,2.068537035985856,1,False,1.222800573079965,False,-3410.999999999999,12838.5,False,2.5170365853658536,False,False,0,False,0.0,0,0,0,-0.057101408445444035
2026-01-23,3330.0,6,0,0,8,4,23,1,1,4,0,0,0,0,0,165,8,0.0,1.0,416.25,416.25,0.0,5837.142857142857,4430.288607174158,1890.0,12600.0,10.428571428571429,0.09183673469387757,-0.5659096008050747,4570.714285714285,3430.219693089225,1620.0,12600.0,8.714285714285714,0.07468820861678005,-0.3617011144243336,5100.0,3385.0574283316737,900.0,12600.0,9.766666666666667,0.05820028011204482,-0.5228862545079822,11250.0,18.0,0.0,1980.0,8.0,0.0,10170.0,18.0,0.2222222222222222,6339.767171660196,0.04268712177697047,5672.325811790624,0.06178801734878816,-0.704,0.6818181818181819,-1.0,-7920.0,1350.0,-0.5968571428571429,0.3252844615701759,0.8393945532407004,0.7659165866397203,-0.5659096008050747,-0.3617011144243336,-0.5228862545079822,0.7589823849771409,0.7504778200210047,1.6226759861441111,1.811852212486741,-0.433883739117558,-0.9009688679024191,-0.9987165071710528,-0.05064916883871355,0.49999999999999994,0.8660254037844387,0.0,0.0,0.0,8.0,-0.5546017559456118,0,False,-0.565909600806352,False,-3410.999999999999,12838.5,False,-0.3783780487804878,False,False,0,False,0.0,0,0,0,-0.09952265618076744
2026-01-24,13140.0,8,1,3,16,5,24,1,1,4,1,0,0,0,0,166,19,0.15789473684210525,0.8421052631578947,691.578947368421,821.25,0.17647058823529413,7290.0,4968.23912467989,1890.0,13140.0,12.142857142857142,0.09398496240601507,1.1774795562734006,5162.142857142857,4126.977248397573,1620.0,13140.0,9.5,0.07703783267693043,1.9330993758047643,5508.0,3592.6528475151367,1350.0,13140.0,10.366666666666667,0.06346343800678166,2.124335504683521,3330.0,8.0,0.0,2970.0,7.0,0.14285714285714285,4860.0,8.0,0.125,8039.825378745147,0.07148902554325416,6668.015703551875,0.07460224661456377,2.945945945945946,3.424242424242424,inf,9810.0,10170.0,3.6499459459459462,0.6747053109910254,1.3044906976998598,1.0387897851731784,1.1774795562734006,1.9330993758047643,2.124335504683521,0.6815142832199005,0.7994697865982302,1.229864936839952,-0.026320276543223782,-0.9749279121818236,-0.2225209339563146,-0.9884683243281114,0.15142777750457667,0.49999999999999994,0.8660254037844387,13140.0,2074.736842105263,0.0,16.0,2.6945133386058657,2,False,1.1774795562757707,False,-3410.999999999999,12838.5,True,3.207987804878049,False,False,1,False,20.0,1,0,1,0.010811418927539784
2026-01-25,13140.0,2,0,0,2,6,25,1,1,4,1,0,1,0,0,167,2,0.0,1.0,691.578947368421,821.25,0.0,8190.0,4776.618050462064,2340.0,13140.0,11.571428571428571,0.02255639097744364,1.1774795562734006,5434.615384615385,4162.364342903793,1890.0,13140.0,9.142857142857142,0.07703783267693043,1.9330993758047643,5617.241379310345,3605.180693462162,1350.0,13140.0,10.233333333333333,0.06346343800678166,2.124335504683521,13140.0,19.0,0.15789473684210525,1890.0,6.0,0.5,1620.0,7.0,0.0,8039.825378745147,0.053616769157440625,6668.015703551875,0.0646552803992886,0.0,5.9523809523809526,-1.0,9810.0,10170.0,-2.945945945945946,0.7266533629390773,1.2628248430282474,1.0000584093643319,0.0,0.0,0.0,0.5832256471863532,0.765898605203818,1.1437718312318748,-0.307971360076931,-0.7818314824680299,0.6234898018587334,-0.9377521321470804,0.3473052528448203,0.49999999999999994,0.8660254037844387,13140.0,2074.736842105263,0.0,2.0,2.6945133386058657,2,False,0.8941994960896855,False,-3410.999999999999,12838.5,True,3.207987804878049,False,False,1,False,20.0,1,0,1,0.021348884543741176
2026-01-26,5490.0,7,0,0,11,0,26,1,1,5,0,0,1,0,0,168,11,0.0,1.0,499.09090909090907,499.09090909090907,0.0,8715.0,4135.073155338368,3330.0,13140.0,12.571428571428571,0.02255639097744364,-0.779913650579249,5593.846153846154,4118.232910811663,1890.0,13140.0,9.5,0.06513307077216852,-0.025216192501709443,5514.827586206897,3563.485072519452,1350.0,13140.0,10.1,0.06346343800678166,-0.00696722048824902,13140.0,2.0,0.0,2340.0,4.0,0.0,3420.0,6.0,0.16666666666666666,7255.263723746641,0.04021257686808047,6490.4253964837535,0.05603457634605012,-0.5821917808219178,1.3461538461538463,-1.0,9810.0,3150.0,-0.5821917808219178,0.6094695030937692,1.3507171968349507,1.017550381535263,-0.779913650579249,-0.025216192501709443,-0.00696722048824902,0.47447769998090916,0.7362077535816268,1.0553090376060836,-0.4015604173230956,0.0,1.0,-0.8486442574947509,0.5289640103269624,0.49999999999999994,0.8660254037844387,0.0,0.0,0.0,11.0,0.16079973276297038,0,False,-0.9342244009259424,False,-3410.999999999999,12838.5,False,0.411280487804878,False,False,0,False,0.0,0,0,0,-0.06177205424073395
2026-01-27,4320.0,5,0,1,8,1,27,1,1,5,0,0,1,0,0,169,9,0.1111111111111111,0.8888888888888888,480.0,540.0,0.1111111111111111,8355.0,4450.558391932411,3330.0,13140.0,12.142857142857142,0.038429406850459515,-0.9066278081656528,5746.153846153846,4023.3869199583955,1890.0,13140.0,9.857142857142858,0.07306957870867646,-0.3544659945767902,5400.0,3545.8335711487803,1350.0,13140.0,9.933333333333334,0.06716714171048536,-0.3045828232843583,5490.0,11.0,0.0,6480.0,12.0,0.0,2340.0,4.0,0.0,6521.4477928099805,0.05793721042883813,6201.035343619254,0.06337811431472493,-0.21311475409836067,-0.33333333333333337,inf,-1170.0,-2160.0,0.36907702672355713,0.3262772854753222,1.2725850014743652,1.012823490489832,-0.9066278081656528,-0.3544659945767902,-0.3045828232843583,0.5326820337435169,0.7001878173944862,1.046398007933188,-0.3508164437344006,0.7818314824680298,0.6234898018587336,-0.72479278722912,0.6889669190756865,0.49999999999999994,0.8660254037844387,0.0,480.0,0.0,8.0,-0.22670940695417832,0,False,-1.061033441331612,False,-3410.999999999999,12838.5,False,-0.016451219512195123,False,False,0,False,0.0,0,0,0,-0.07107867943238833
2026-01-28,3510.0,5,0,0,9,2,28,1,1,5,0,0,1,0,0,170,9,0.0,1.0,390.0,390.0,0.0,6840.0,4259.577443831724,3330.0,13140.0,10.857142857142858,0.038429406850459515,-0.7817676856220425,5753.076923076923,4019.1259095633063,1890.0,13140.0,10.0,0.07306957870867646,-0.5581006849608902,5409.310344827586,3540.3096424651926,1350.0,13140.0,9.933333333333334,0.06716714171048536,-0.5364814201674437,4320.0,9.0,0.1111111111111111,12600.0,18.0,0.0,3420.0,7.0,0.0,5768.585844607485,0.0434529078216286,5842.2306311366865,0.054927699072761606,-0.1875,-0.7214285714285714,-1.0,-810.0,-9090.0,0.02561475409836067,0.16457093626897296,1.2527056966749996,1.0219799913945375,-0.7817676856220425,-0.5581006849608902,-0.5364814201674437,0.622745240325365,0.6986045838244708,1.0457540807146801,-0.3480014498969023,0.9749279121818236,-0.22252093395631434,-0.5712682150947924,0.8207634412072763,0.49999999999999994,0.8660254037844387,0.0,0.0,0.0,9.0,-0.49498496521989666,0,False,-0.9277118898932742,False,-3410.999999999999,12838.5,False,-0.3125731707317073,False,False,0,False,0.0,0,0,0,-0.07860830986991246
2026-01-29,6930.0,7,1,3,9,3,29,1,1,5,0,0,1,0,0,171,12,0.25,0.75,577.5,770.0,0.3,6120.0,3692.4138446279285,3330.0,13140.0,10.0,0.07414369256474522,0.21936869324013358,5863.846153846154,4031.096911225567,1890.0,13140.0,10.214285714285714,0.08299021362931137,0.26448231576428666,5601.724137931034,3462.590967309964,1440.0,13140.0,10.133333333333333,0.0755004750438187,0.3836074992990141,3510.0,9.0,0.0,11250.0,18.0,0.0,5490.0,9.0,0.1111111111111111,6058.939383455614,0.09508968086622145,5987.266546985128,0.0809373391963934,0.9743589743589745,-0.384,inf,3420.0,-4320.0,1.1618589743589745,0.31907119791209176,1.2800042539031422,1.0351248512635265,0.21936869324013358,0.26448231576428666,0.3836074992990141,0.6033355955264534,0.6874492961543094,0.9414925023003433,-0.5417043609342127,0.43388373911755823,-0.900968867902419,-0.3943558551133187,0.9189578116202306,0.49999999999999994,0.8660254037844387,0.0,1732.5,0.0,9.0,0.6377340585686918,0,False,-0.044958028792516834,False,-3410.999999999999,12838.5,False,0.937719512195122,False,False,0,False,0.0,0,0,0,-0.058787839425165134
2026-01-30,2340.0,6,0,1,7,4,30,1,1,5,0,0,1,0,0,172,8,0.125,0.875,292.5,334.2857142857143,0.125,5955.0,3860.325115841929,2340.0,13140.0,10.0,0.09200083542188808,-0.9364496231562123,5891.538461538462,4003.3337069535896,1890.0,13140.0,10.214285714285714,0.0919187850578828,-0.8871452448145271,5632.758620689655,3427.816773474381,1620.0,13140.0,10.2,0.07966714171048536,-0.9605993663840324,6930.0,12.0,0.25,3330.0,8.0,0.0,1980.0,8.0,0.0,5129.2045375917105,0.10256726064966609,5500.964340720445,0.08681236063687428,-0.6623376623376623,-0.29729729729729726,-0.5,-4590.0,-990.0,-1.636696636696637,0.3250229604352829,1.274539528006118,1.0367925979860018,-0.9364496231562123,-0.8871452448145271,-0.9605993663840324,0.6482493897288742,0.6795056559643338,0.959451198134319,-0.5238172991063932,-0.433883739117558,-0.9009688679024191,-0.20129852008866114,0.9795299412524943,0.49999999999999994,0.8660254037844387,0.0,292.5,0.0,7.0,-0.8824941049370453,0,False,-1.0432596511140222,False,-3410.999999999999,12838.5,False,-0.7403048780487804,False,False,0,False,0.0,0,0,0,-0.08266905118280055
2026-01-31,7020.0,6,0,3,11,5,31,1,1,5,1,0,1,0,0,173,14,0.21428571428571427,0.7857142857142857,501.42857142857144,638.1818181818181,0.25,4935.0,1885.6378231251078,2340.0,7020.0,9.285714285714286,0.10005668934240365,1.1057266535592862,6203.076923076923,3913.613812951283,1890.0,13140.0,10.714285714285714,0.09702082587420933,0.20873880662868535,5719.6551724137935,3430.01612111853,1620.0,13140.0,10.333333333333334,0.08347666552000917,0.37910749736020843,2340.0,8.0,0.125,13140.0,19.0,0.15789473684210525,2970.0,7.0,0.14285714285714285,5601.903403193783,0.13049687405867813,5703.502428624386,0.10380880779005294,2.0,-0.4657534246575342,0.7142857142857142,4680.0,-6120.0,2.6623376623376624,0.1898878253001477,0.9622184700433393,1.1296027268768447,1.1057266535592862,0.20873880662868535,0.37910749736020843,0.3820947969850632,0.6309149252019427,0.7874159747901034,-0.6566815653400004,-0.9749279121818236,-0.2225209339563146,-2.4492935982947064e-16,1.0,0.49999999999999994,0.8660254037844387,7020.0,1504.2857142857142,7020.0,11.0,0.6675424539315494,0,False,0.2573680350717939,False,-3410.999999999999,12838.5,False,0.9706219512195121,False,False,0,False,0.0,0,0,0,-0.03457727348840911
2026-02-01,1170.0,3,0,0,5,6,1,2,1,5,1,1,0,0,0,174,5,0.0,1.0,234.0,234.0,0.0,4397.142857142857,2233.3958768783327,1170.0,7020.0,9.714285714285714,0.10005668934240365,-1.4449488738373857,6147.692307692308,3984.196183770226,1170.0,13140.0,10.642857142857142,0.061306540159923616,-1.2493592378700207,5657.586206896552,3497.1791236166473,1170.0,13140.0,10.266666666666667,0.07871476075810441,-1.2832017029321712,7020.0,14.0,0.21428571428571427,13140.0,2.0,0.0,1890.0,6.0,0.5,4493.9275523953365,0.09787265554400859,5099.035438141134,0.08996763341804588,-0.8333333333333334,-0.910958904109589,-1.0,-5850.0,-6120.0,-2.8333333333333335,0.07084020625252864,1.0381798261562512,1.1615831951837925,-1.4449488738373857,-1.2493592378700207,-1.2832017029321712,0.5079197900621435,0.6480799598214301,0.7219955783734244,-0.6662981087865159,-0.7818314824680299,0.6234898018587334,0.20129852008866006,0.9795299412524945,0.8660254037844386,0.5000000000000001,1170.0,0.0,0.0,5.0,-1.270003244654194,0,False,-1.444948873843856,False,-3410.999999999999,12838.5,False,-1.1680365853658536,False,False,0,False,0.0,0,0,0,-0.053185439211682506
2026-02-02,10620.0,5,0,3,10,0,2,2,1,6,0,1,0,0,0,175,13,0.23076923076923078,0.7692307692307693,816.9230769230769,1062.0,0.2727272727272727,5130.0,3258.281755772511,1170.0,10620.0,10.0,0.13302372230943663,1.684937157523849,6784.615384615385,3986.5933982633505,1170.0,13140.0,11.285714285714286,0.0777900566434401,0.9620706784508735,5803.448275862069,3615.045223844835,1170.0,13140.0,10.3,0.0864070684504121,1.3323627854928721,1170.0,5.0,0.0,5490.0,11.0,0.0,2340.0,4.0,0.0,6025.445664296502,0.13109679935031415,5835.1640463889835,0.1087411797315372,8.076923076923077,0.9344262295081966,inf,9450.0,5130.0,8.91025641025641,1.3078566145018136,3.1471243250673346,2.35470195289161,1.684937157523849,0.9620706784508735,1.3323627854928721,0.6351426424495438,0.5875931312624396,0.3738870210525275,-1.1595760317364399,0.0,1.0,0.39435585511331855,0.9189578116202306,0.8660254037844386,0.5000000000000001,0.0,2450.769230769231,0.0,10.0,1.859878268445853,0,False,1.6849371575290204,False,-3410.999999999999,12838.5,False,2.2867195121951216,False,False,0,False,0.0,0,0,0,-0.03999283348258609
2026-02-03,3330.0,5,0,0,7,1,3,2,1,6,0,1,0,0,0,176,7,0.0,1.0,475.7142857142857,475.7142857142857,0.0,4988.571428571428,3320.1979286955593,1170.0,10620.0,9.714285714285714,0.11715070643642075,-0.49953992628929,6542.307692307692,4100.746179754269,1170.0,13140.0,10.928571428571429,0.0777900566434401,-0.7833471157418359,5536.551724137931,3496.0950418820025,1170.0,13140.0,9.966666666666667,0.07856393119551014,-0.6311475225066532,10620.0,13.0,0.23076923076923078,4320.0,9.0,0.1111111111111111,6480.0,12.0,0.0,5351.584248222377,0.09832259951273561,5501.14217353712,0.09424235576733224,-0.6864406779661016,-0.22916666666666663,-1.0,-7290.0,-990.0,-8.763363754889179,1.2402386253778506,3.1900420985742066,2.3809934209492503,-0.49953992628929,-0.7833471157418359,-0.6311475225066532,0.6655608677211434,0.6268042367633629,0.4944434786994277,-1.2567549043147215,0.7818314824680298,0.6234898018587336,0.5712682150947923,0.8207634412072763,0.8660254037844386,0.5000000000000001,0.0,0.0,0.0,7.0,-0.5546017559456118,0,False,-0.49953992629079463,False,-3410.999999999999,12838.5,False,-0.3783780487804878,False,False,0,False,0.0,0,0,0,-0.0914321054718304
2026-02-04,3780.0,4,0,0,6,2,4,2,1,6,0,1,0,0,0,177,6,0.0,1.0,630.0,630.0,0.0,5027.142857142857,3301.6748996315705,1170.0,10620.0,9.285714285714286,0.11715070643642075,-0.3777303626345061,5863.846153846154,3727.6456789362787,1170.0,13140.0,10.071428571428571,0.0777900566434401,-0.5590247392920699,5424.827586206897,3498.7647010763008,1170.0,13140.0,9.6,0.07856393119551014,-0.4701166630886063,3330.0,7.0,0.0,3510.0,9.0,0.0,12600.0,18.0,0.0,4958.6881861667825,0.07374194963455172,5271.656550398837,0.08167670833168794,0.1351351351351351,0.07692307692307687,-1.0,450.0,270.0,0.8215758131012367,1.2863293589685838,3.1682318201099866,2.386596924280035,-0.3777303626345061,-0.5590247392920699,-0.4701166630886063,0.656769658919438,0.6356997747092874,0.8485548470469834,-0.40203666394806364,0.9749279121818236,-0.22252093395631434,0.72479278722912,0.6889669190756866,0.8660254037844386,0.5000000000000001,0.0,0.0,0.0,6.0,-0.40555977913132385,0,False,-0.37773036263565024,False,-3410.999999999999,12838.5,False,-0.21386585365853658,False,False,0,False,0.0,0,0,0,-0.10100606592774147
2026-02-05,4950.0,4,0,0,8,3,5,2,1,6,0,1,0,0,0,178,8,0.0,1.0,618.75,618.75,0.0,4744.285714285715,3194.562344270114,1170.0,10620.0,8.714285714285714,0.08143642072213504,0.06439513884667744,5379.2307692307695,3360.4996194476344,1170.0,13140.0,9.357142857142858,0.0777900566434401,-0.12772826003177615,5400.0,3499.517313655046,1170.0,13140.0,9.6,0.07856393119551014,-0.1285891623518544,3780.0,6.0,0.0,6930.0,12.0,0.25,11250.0,18.0,0.0,4956.516139625087,0.05530646222591379,5228.769010345659,0.07078648055412955,0.30952380952380953,-0.2857142857142857,-1.0,1170.0,-1980.0,0.17438867438867445,1.191352906849275,3.189039486300357,2.377997965973613,0.06439513884667744,-0.12772826003177615,-0.1285891623518544,0.6733494853912575,0.6247175039716578,1.265813518387284,1.3157572107942346,0.43388373911755823,-0.900968867902419,0.8486442574947509,0.5289640103269624,0.8660254037844386,0.5000000000000001,0.0,0.0,0.0,8.0,-0.018050639414175177,0,False,0.06439513884687903,False,-3410.999999999999,12838.5,False,0.21386585365853658,False,False,0,False,0.0,0,0,0,-0.10305411870728892
2026-02-06,8730.0,5,0,0,15,4,6,2,1,6,0,0,0,0,0,179,15,0.0,1.0,582.0,582.0,0.0,5657.142857142857,3304.127289142648,1170.0,10620.0,9.714285714285714,0.06357927786499218,0.9300056789413781,5794.615384615385,3419.316733366028,1170.0,13140.0,9.857142857142858,0.0777900566434401,0.8584711052744134,5337.931034482759,3420.347078577119,1170.0,13140.0,9.566666666666666,0.07856393119551014,0.9917323849246436,4950.0,8.0,0.0,2340.0,8.0,0.125,3330.0,8.0,0.0,5899.887104718815,0.04147984666943534,5695.599808966238,0.06134828314691228,0.7636363636363637,2.730769230769231,-1.0,3780.0,6390.0,0.45411255411255413,1.3950634819884213,3.095053144325038,2.3407803327434054,0.9300056789413781,0.8584711052744134,0.9917323849246436,0.5840629046453952,0.5900851922697684,0.88248512134958,0.3263242529243257,-0.433883739117558,-0.9009688679024191,0.9377521321470804,0.3473052528448203,0.8660254037844386,0.5000000000000001,0.0,0.0,0.0,15.0,1.2339019658258437,0,False,0.930005678944193,False,-3410.999999999999,12838.5,False,1.5957682926829269,False,False,0,False,0.0,0,0,0,-0.10137744919060676
